<?xml version="1.0" encoding="UTF-8"?>
<classpath>
	<classpathentry kind="con" path="org.eclipse.jdt.launching.JRE_CONTAINER/org.eclipse.jdt.internal.debug.ui.launcher.StandardVMType/JavaSE-1.8"/>
	<classpathentry kind="src" path="src"/>
	<classpathentry kind="lib" path="C:/Users/aman khatkar/Desktop/Selenium Utility/extentreports-2.40.2.jar"/>
	<classpathentry kind="lib" path="C:/Users/aman khatkar/Desktop/Selenium Utility/freemarker-2.3.23.jar"/>
	<classpathentry kind="lib" path="C:/Users/aman khatkar/Desktop/Selenium Utility/poi-3.9.jar"/>
	<classpathentry kind="lib" path="C:/Users/aman khatkar/Desktop/Selenium Utility/selenium-server-standalone-3.6.0.jar"/>
	<classpathentry kind="lib" path="C:/Users/aman khatkar/Desktop/Selenium Utility/selenium-server-standalone-3.8.1.jar"/>
	<classpathentry kind="output" path="bin"/>
</classpath>
